id,video_filename,class
0,test_video_0000.mp4,normal
1,test_video_0001.mp4,normal
2,test_video_0002.mp4,normal
3,test_video_0003.mp4,normal
4,test_video_0004.mp4,normal
5,test_video_0005.mp4,normal
6,test_video_0006.mp4,normal
7,test_video_0007.mp4,normal
8,test_video_0008.mp4,normal
9,test_video_0009.mp4,normal
10,test_video_0010.mp4,normal
11,test_video_0011.mp4,normal
13,test_video_0013.mp4,normal
14,test_video_0014.mp4,normal
15,test_video_0015.mp4,normal
16,test_video_0016.mp4,normal
17,test_video_0017.mp4,normal
18,test_video_0018.mp4,normal
19,test_video_0019.mp4,normal
20,test_video_0020.mp4,normal
21,test_video_0021.mp4,normal
22,test_video_0022.mp4,normal
23,test_video_0023.mp4,normal
24,test_video_0024.mp4,normal
25,test_video_0025.mp4,normal
26,test_video_0026.mp4,normal
27,test_video_0027.mp4,normal
28,test_video_0028.mp4,normal
29,test_video_0029.mp4,normal
30,test_video_0030.mp4,normal
31,test_video_0031.mp4,normal
32,test_video_0032.mp4,normal
33,test_video_0033.mp4,normal
34,test_video_0034.mp4,normal
35,test_video_0035.mp4,normal
36,test_video_0036.mp4,normal
37,test_video_0037.mp4,normal
38,test_video_0038.mp4,normal
39,test_video_0039.mp4,normal
40,test_video_0040.mp4,normal
41,test_video_0041.mp4,normal
42,test_video_0042.mp4,normal
43,test_video_0043.mp4,normal
44,test_video_0044.mp4,normal
45,test_video_0045.mp4,normal
46,test_video_0046.mp4,normal
47,test_video_0047.mp4,normal
48,test_video_0048.mp4,normal
49,test_video_0049.mp4,normal
50,test_video_0050.mp4,normal
51,test_video_0051.mp4,normal
52,test_video_0052.mp4,normal
53,test_video_0053.mp4,normal
54,test_video_0054.mp4,normal
55,test_video_0055.mp4,normal
56,test_video_0056.mp4,normal
57,test_video_0057.mp4,normal
58,test_video_0058.mp4,normal
59,test_video_0059.mp4,normal
60,test_video_0060.mp4,normal
61,test_video_0061.mp4,normal
62,test_video_0062.mp4,normal
63,test_video_0063.mp4,normal
64,test_video_0064.mp4,normal
65,test_video_0065.mp4,normal
66,test_video_0066.mp4,normal
67,test_video_0067.mp4,normal
68,test_video_0068.mp4,normal
69,test_video_0069.mp4,normal
70,test_video_0070.mp4,normal
71,test_video_0071.mp4,normal
72,test_video_0072.mp4,normal
73,test_video_0073.mp4,normal
74,test_video_0074.mp4,normal
75,test_video_0075.mp4,normal
76,test_video_0076.mp4,normal
77,test_video_0077.mp4,normal
78,test_video_0078.mp4,normal
79,test_video_0079.mp4,normal
80,test_video_0080.mp4,normal
81,test_video_0081.mp4,normal
82,test_video_0082.mp4,normal
83,test_video_0083.mp4,normal
84,test_video_0084.mp4,normal
85,test_video_0085.mp4,normal
86,test_video_0086.mp4,normal
87,test_video_0087.mp4,normal
88,test_video_0088.mp4,normal
89,test_video_0089.mp4,normal
90,test_video_0090.mp4,normal
91,test_video_0091.mp4,normal
92,test_video_0092.mp4,normal
93,test_video_0093.mp4,normal
94,test_video_0094.mp4,normal
95,test_video_0095.mp4,normal
96,test_video_0096.mp4,normal
97,test_video_0097.mp4,normal
98,test_video_0098.mp4,normal
99,test_video_0099.mp4,normal
100,test_video_0100.mp4,normal
101,test_video_0101.mp4,normal
102,test_video_0102.mp4,normal
103,test_video_0103.mp4,normal
104,test_video_0104.mp4,normal
105,test_video_0105.mp4,normal
106,test_video_0106.mp4,normal
107,test_video_0107.mp4,normal
108,test_video_0108.mp4,normal
109,test_video_0109.mp4,normal
110,test_video_0110.mp4,normal
111,test_video_0111.mp4,normal
112,test_video_0112.mp4,normal
113,test_video_0113.mp4,normal
114,test_video_0114.mp4,normal
115,test_video_0115.mp4,normal
116,test_video_0116.mp4,normal
118,test_video_0118.mp4,normal
119,test_video_0119.mp4,normal
120,test_video_0120.mp4,normal
122,test_video_0122.mp4,normal
123,test_video_0123.mp4,normal
124,test_video_0124.mp4,normal
125,test_video_0125.mp4,normal
126,test_video_0126.mp4,normal
127,test_video_0127.mp4,normal
128,test_video_0128.mp4,normal
129,test_video_0129.mp4,normal
130,test_video_0130.mp4,normal
131,test_video_0131.mp4,normal
132,test_video_0132.mp4,normal
133,test_video_0133.mp4,normal
134,test_video_0134.mp4,normal
135,test_video_0135.mp4,normal
136,test_video_0136.mp4,normal
137,test_video_0137.mp4,normal
138,test_video_0138.mp4,normal
139,test_video_0139.mp4,normal
141,test_video_0141.mp4,normal
142,test_video_0142.mp4,normal
143,test_video_0143.mp4,normal
144,test_video_0144.mp4,normal
145,test_video_0145.mp4,normal
146,test_video_0146.mp4,normal
147,test_video_0147.mp4,normal
148,test_video_0148.mp4,normal
149,test_video_0149.mp4,normal
150,test_video_0150.mp4,normal
151,test_video_0151.mp4,normal
152,test_video_0152.mp4,normal
153,test_video_0153.mp4,normal
154,test_video_0154.mp4,normal
155,test_video_0155.mp4,normal
156,test_video_0156.mp4,normal
157,test_video_0157.mp4,normal
158,test_video_0158.mp4,normal
159,test_video_0159.mp4,normal
160,test_video_0160.mp4,normal
162,test_video_0162.mp4,normal
163,test_video_0163.mp4,normal
166,test_video_0166.mp4,normal
167,test_video_0167.mp4,normal
168,test_video_0168.mp4,normal
169,test_video_0169.mp4,normal
170,test_video_0170.mp4,normal
171,test_video_0171.mp4,normal
172,test_video_0172.mp4,normal
173,test_video_0173.mp4,normal
174,test_video_0174.mp4,normal
176,test_video_0176.mp4,normal
177,test_video_0177.mp4,normal
178,test_video_0178.mp4,normal
179,test_video_0179.mp4,normal
180,test_video_0180.mp4,normal
181,test_video_0181.mp4,normal
182,test_video_0182.mp4,normal
183,test_video_0183.mp4,normal
184,test_video_0184.mp4,normal
186,test_video_0186.mp4,normal
187,test_video_0187.mp4,normal
188,test_video_0188.mp4,normal
189,test_video_0189.mp4,normal
190,test_video_0190.mp4,normal
191,test_video_0191.mp4,normal
193,test_video_0193.mp4,normal
194,test_video_0194.mp4,normal
195,test_video_0195.mp4,normal
196,test_video_0196.mp4,normal
197,test_video_0197.mp4,normal
198,test_video_0198.mp4,normal
199,test_video_0199.mp4,normal
200,test_video_0200.mp4,normal
201,test_video_0201.mp4,normal
202,test_video_0202.mp4,normal
203,test_video_0203.mp4,normal
204,test_video_0204.mp4,normal
205,test_video_0205.mp4,normal
206,test_video_0206.mp4,normal
207,test_video_0207.mp4,normal
208,test_video_0208.mp4,normal
209,test_video_0209.mp4,normal
210,test_video_0210.mp4,normal
211,test_video_0211.mp4,normal
212,test_video_0212.mp4,normal
213,test_video_0213.mp4,normal
214,test_video_0214.mp4,normal
215,test_video_0215.mp4,normal
216,test_video_0216.mp4,normal
217,test_video_0217.mp4,normal
218,test_video_0218.mp4,normal
219,test_video_0219.mp4,normal
220,test_video_0220.mp4,normal
221,test_video_0221.mp4,normal
222,test_video_0222.mp4,normal
223,test_video_0223.mp4,normal
224,test_video_0224.mp4,normal
225,test_video_0225.mp4,normal
226,test_video_0226.mp4,normal
227,test_video_0227.mp4,normal
228,test_video_0228.mp4,normal
229,test_video_0229.mp4,normal
230,test_video_0230.mp4,normal
231,test_video_0231.mp4,normal
232,test_video_0232.mp4,normal
233,test_video_0233.mp4,normal
234,test_video_0234.mp4,normal
235,test_video_0235.mp4,normal
237,test_video_0237.mp4,normal
238,test_video_0238.mp4,normal
239,test_video_0239.mp4,normal
240,test_video_0240.mp4,normal
242,test_video_0242.mp4,normal
243,test_video_0243.mp4,normal
244,test_video_0244.mp4,normal
245,test_video_0245.mp4,normal
246,test_video_0246.mp4,normal
247,test_video_0247.mp4,normal
248,test_video_0248.mp4,normal
249,test_video_0249.mp4,normal
250,test_video_0250.mp4,normal
251,test_video_0251.mp4,normal
252,test_video_0252.mp4,normal
253,test_video_0253.mp4,normal
254,test_video_0254.mp4,normal
255,test_video_0255.mp4,normal
257,test_video_0257.mp4,normal
258,test_video_0258.mp4,normal
259,test_video_0259.mp4,normal
260,test_video_0260.mp4,normal
261,test_video_0261.mp4,normal
262,test_video_0262.mp4,normal
263,test_video_0263.mp4,normal
264,test_video_0264.mp4,normal
265,test_video_0265.mp4,normal
266,test_video_0266.mp4,normal
267,test_video_0267.mp4,normal
268,test_video_0268.mp4,normal
269,test_video_0269.mp4,normal
270,test_video_0270.mp4,normal
271,test_video_0271.mp4,normal
272,test_video_0272.mp4,normal
273,test_video_0273.mp4,normal
274,test_video_0274.mp4,normal
275,test_video_0275.mp4,normal
276,test_video_0276.mp4,normal
277,test_video_0277.mp4,normal
278,test_video_0278.mp4,normal
279,test_video_0279.mp4,normal
280,test_video_0280.mp4,normal
281,test_video_0281.mp4,normal
282,test_video_0282.mp4,normal
283,test_video_0283.mp4,normal
284,test_video_0284.mp4,normal
285,test_video_0285.mp4,normal
286,test_video_0286.mp4,normal
287,test_video_0287.mp4,normal
289,test_video_0289.mp4,normal
290,test_video_0290.mp4,normal
291,test_video_0291.mp4,normal
292,test_video_0292.mp4,normal
293,test_video_0293.mp4,normal
296,test_video_0296.mp4,normal
297,test_video_0297.mp4,normal
298,test_video_0298.mp4,normal
299,test_video_0299.mp4,normal
300,test_video_0300.mp4,normal
301,test_video_0301.mp4,normal
302,test_video_0302.mp4,normal
305,test_video_0305.mp4,normal
306,test_video_0306.mp4,normal
307,test_video_0307.mp4,normal
308,test_video_0308.mp4,normal
309,test_video_0309.mp4,normal
310,test_video_0310.mp4,normal
311,test_video_0311.mp4,normal
312,test_video_0312.mp4,normal
313,test_video_0313.mp4,normal
315,test_video_0315.mp4,normal
316,test_video_0316.mp4,normal
317,test_video_0317.mp4,normal
318,test_video_0318.mp4,normal
319,test_video_0319.mp4,normal
320,test_video_0320.mp4,normal
321,test_video_0321.mp4,normal
322,test_video_0322.mp4,normal
324,test_video_0324.mp4,normal
325,test_video_0325.mp4,normal
326,test_video_0326.mp4,normal
327,test_video_0327.mp4,normal
330,test_video_0330.mp4,normal
331,test_video_0331.mp4,normal
332,test_video_0332.mp4,normal
333,test_video_0333.mp4,normal
334,test_video_0334.mp4,normal
335,test_video_0335.mp4,normal
337,test_video_0337.mp4,normal
339,test_video_0339.mp4,normal
342,test_video_0342.mp4,normal
343,test_video_0343.mp4,normal
344,test_video_0344.mp4,normal
345,test_video_0345.mp4,normal
346,test_video_0346.mp4,normal
347,test_video_0347.mp4,normal
348,test_video_0348.mp4,normal
349,test_video_0349.mp4,normal
351,test_video_0351.mp4,normal
352,test_video_0352.mp4,normal
353,test_video_0353.mp4,normal
354,test_video_0354.mp4,normal
355,test_video_0355.mp4,normal
356,test_video_0356.mp4,normal
357,test_video_0357.mp4,normal
358,test_video_0358.mp4,normal
359,test_video_0359.mp4,normal
360,test_video_0360.mp4,normal
361,test_video_0361.mp4,normal
362,test_video_0362.mp4,normal
363,test_video_0363.mp4,normal
364,test_video_0364.mp4,normal
365,test_video_0365.mp4,normal
366,test_video_0366.mp4,normal
367,test_video_0367.mp4,normal
368,test_video_0368.mp4,normal
369,test_video_0369.mp4,normal
370,test_video_0370.mp4,normal
371,test_video_0371.mp4,normal
372,test_video_0372.mp4,normal
373,test_video_0373.mp4,normal
374,test_video_0374.mp4,normal
375,test_video_0375.mp4,normal
376,test_video_0376.mp4,normal
377,test_video_0377.mp4,normal
378,test_video_0378.mp4,normal
379,test_video_0379.mp4,normal
380,test_video_0380.mp4,normal
381,test_video_0381.mp4,normal
382,test_video_0382.mp4,normal
383,test_video_0383.mp4,normal
385,test_video_0385.mp4,normal
386,test_video_0386.mp4,normal
387,test_video_0387.mp4,normal
388,test_video_0388.mp4,normal
389,test_video_0389.mp4,normal
390,test_video_0390.mp4,normal
391,test_video_0391.mp4,normal
392,test_video_0392.mp4,normal
393,test_video_0393.mp4,normal
394,test_video_0394.mp4,normal
395,test_video_0395.mp4,normal
396,test_video_0396.mp4,normal
397,test_video_0397.mp4,normal
398,test_video_0398.mp4,normal
399,test_video_0399.mp4,normal
400,test_video_0400.mp4,normal
401,test_video_0401.mp4,normal
402,test_video_0402.mp4,normal
403,test_video_0403.mp4,normal
404,test_video_0404.mp4,normal
405,test_video_0405.mp4,normal
406,test_video_0406.mp4,normal
407,test_video_0407.mp4,normal
408,test_video_0408.mp4,normal
409,test_video_0409.mp4,normal
410,test_video_0410.mp4,normal
411,test_video_0411.mp4,normal
412,test_video_0412.mp4,normal
413,test_video_0413.mp4,normal
414,test_video_0414.mp4,normal
415,test_video_0415.mp4,normal
416,test_video_0416.mp4,normal
417,test_video_0417.mp4,normal
418,test_video_0418.mp4,normal
419,test_video_0419.mp4,normal
420,test_video_0420.mp4,normal
421,test_video_0421.mp4,normal
422,test_video_0422.mp4,normal
423,test_video_0423.mp4,normal
424,test_video_0424.mp4,normal
425,test_video_0425.mp4,normal
426,test_video_0426.mp4,normal
427,test_video_0427.mp4,normal
428,test_video_0428.mp4,normal
429,test_video_0429.mp4,normal
430,test_video_0430.mp4,normal
431,test_video_0431.mp4,normal
432,test_video_0432.mp4,normal
433,test_video_0433.mp4,normal
434,test_video_0434.mp4,normal
435,test_video_0435.mp4,normal
436,test_video_0436.mp4,normal
437,test_video_0437.mp4,normal
438,test_video_0438.mp4,normal
439,test_video_0439.mp4,normal
440,test_video_0440.mp4,normal
441,test_video_0441.mp4,normal
442,test_video_0442.mp4,normal
443,test_video_0443.mp4,normal
444,test_video_0444.mp4,normal
445,test_video_0445.mp4,normal
446,test_video_0446.mp4,normal
447,test_video_0447.mp4,normal
448,test_video_0448.mp4,normal
449,test_video_0449.mp4,normal
450,test_video_0450.mp4,normal
451,test_video_0451.mp4,normal
452,test_video_0452.mp4,normal
453,test_video_0453.mp4,normal
454,test_video_0454.mp4,normal
455,test_video_0455.mp4,normal
456,test_video_0456.mp4,normal
457,test_video_0457.mp4,normal
459,test_video_0459.mp4,normal
460,test_video_0460.mp4,normal
461,test_video_0461.mp4,normal
462,test_video_0462.mp4,normal
463,test_video_0463.mp4,normal
464,test_video_0464.mp4,normal
465,test_video_0465.mp4,normal
466,test_video_0466.mp4,normal
467,test_video_0467.mp4,normal
468,test_video_0468.mp4,normal
469,test_video_0469.mp4,normal
470,test_video_0470.mp4,normal
471,test_video_0471.mp4,normal
472,test_video_0472.mp4,normal
473,test_video_0473.mp4,normal
474,test_video_0474.mp4,normal
475,test_video_0475.mp4,normal
476,test_video_0476.mp4,normal
477,test_video_0477.mp4,normal
478,test_video_0478.mp4,normal
479,test_video_0479.mp4,normal
480,test_video_0480.mp4,normal
481,test_video_0481.mp4,normal
482,test_video_0482.mp4,normal
483,test_video_0483.mp4,normal
484,test_video_0484.mp4,normal
485,test_video_0485.mp4,normal
486,test_video_0486.mp4,normal
487,test_video_0487.mp4,normal
488,test_video_0488.mp4,normal
489,test_video_0489.mp4,normal
490,test_video_0490.mp4,normal
491,test_video_0491.mp4,normal
493,test_video_0493.mp4,normal
494,test_video_0494.mp4,normal
495,test_video_0495.mp4,normal
496,test_video_0496.mp4,normal
497,test_video_0497.mp4,normal
498,test_video_0498.mp4,normal
499,test_video_0499.mp4,normal
500,test_video_0500.mp4,normal
501,test_video_0501.mp4,normal
502,test_video_0502.mp4,normal
503,test_video_0503.mp4,normal
504,test_video_0504.mp4,normal
505,test_video_0505.mp4,normal
506,test_video_0506.mp4,normal
507,test_video_0507.mp4,normal
508,test_video_0508.mp4,normal
509,test_video_0509.mp4,normal
510,test_video_0510.mp4,normal
511,test_video_0511.mp4,normal
512,test_video_0512.mp4,normal
513,test_video_0513.mp4,normal
514,test_video_0514.mp4,normal
515,test_video_0515.mp4,normal
516,test_video_0516.mp4,normal
517,test_video_0517.mp4,normal
518,test_video_0518.mp4,normal
519,test_video_0519.mp4,normal
520,test_video_0520.mp4,normal
521,test_video_0521.mp4,normal
522,test_video_0522.mp4,normal
523,test_video_0523.mp4,normal
524,test_video_0524.mp4,normal
525,test_video_0525.mp4,normal
526,test_video_0526.mp4,normal
527,test_video_0527.mp4,normal
528,test_video_0528.mp4,normal
529,test_video_0529.mp4,normal
530,test_video_0530.mp4,normal
531,test_video_0531.mp4,normal
532,test_video_0532.mp4,normal
533,test_video_0533.mp4,normal
534,test_video_0534.mp4,normal
536,test_video_0536.mp4,normal
537,test_video_0537.mp4,normal
538,test_video_0538.mp4,normal
539,test_video_0539.mp4,normal
541,test_video_0541.mp4,normal
542,test_video_0542.mp4,normal
543,test_video_0543.mp4,normal
544,test_video_0544.mp4,normal
545,test_video_0545.mp4,normal
546,test_video_0546.mp4,normal
547,test_video_0547.mp4,normal
548,test_video_0548.mp4,normal
549,test_video_0549.mp4,normal
550,test_video_0550.mp4,normal
551,test_video_0551.mp4,normal
552,test_video_0552.mp4,normal
553,test_video_0553.mp4,normal
554,test_video_0554.mp4,normal
555,test_video_0555.mp4,normal
556,test_video_0556.mp4,normal
557,test_video_0557.mp4,normal
558,test_video_0558.mp4,normal
559,test_video_0559.mp4,normal
560,test_video_0560.mp4,normal
561,test_video_0561.mp4,normal
562,test_video_0562.mp4,normal
563,test_video_0563.mp4,normal
564,test_video_0564.mp4,normal
565,test_video_0565.mp4,normal
566,test_video_0566.mp4,normal
567,test_video_0567.mp4,normal
568,test_video_0568.mp4,normal
569,test_video_0569.mp4,normal
570,test_video_0570.mp4,normal
571,test_video_0571.mp4,normal
572,test_video_0572.mp4,normal
573,test_video_0573.mp4,normal
575,test_video_0575.mp4,normal
576,test_video_0576.mp4,normal
577,test_video_0577.mp4,normal
579,test_video_0579.mp4,normal
580,test_video_0580.mp4,normal
581,test_video_0581.mp4,normal
582,test_video_0582.mp4,normal
583,test_video_0583.mp4,normal
584,test_video_0584.mp4,normal
585,test_video_0585.mp4,normal
586,test_video_0586.mp4,normal
587,test_video_0587.mp4,normal
588,test_video_0588.mp4,normal
589,test_video_0589.mp4,normal
590,test_video_0590.mp4,normal
591,test_video_0591.mp4,normal
592,test_video_0592.mp4,normal
593,test_video_0593.mp4,normal
594,test_video_0594.mp4,normal
595,test_video_0595.mp4,normal
596,test_video_0596.mp4,normal
597,test_video_0597.mp4,normal
598,test_video_0598.mp4,normal
599,test_video_0599.mp4,normal
600,test_video_0600.mp4,normal
601,test_video_0601.mp4,normal
602,test_video_0602.mp4,normal
603,test_video_0603.mp4,normal
604,test_video_0604.mp4,normal
605,test_video_0605.mp4,normal
606,test_video_0606.mp4,normal
607,test_video_0607.mp4,normal
608,test_video_0608.mp4,normal
609,test_video_0609.mp4,normal
610,test_video_0610.mp4,normal
611,test_video_0611.mp4,normal
612,test_video_0612.mp4,normal
613,test_video_0613.mp4,normal
614,test_video_0614.mp4,normal
615,test_video_0615.mp4,normal
617,test_video_0617.mp4,normal
618,test_video_0618.mp4,normal
619,test_video_0619.mp4,normal
620,test_video_0620.mp4,normal
621,test_video_0621.mp4,normal
622,test_video_0622.mp4,normal
623,test_video_0623.mp4,normal
624,test_video_0624.mp4,normal
625,test_video_0625.mp4,normal
626,test_video_0626.mp4,normal
627,test_video_0627.mp4,normal
628,test_video_0628.mp4,normal
629,test_video_0629.mp4,normal
631,test_video_0631.mp4,normal
632,test_video_0632.mp4,normal
633,test_video_0633.mp4,normal
634,test_video_0634.mp4,normal
635,test_video_0635.mp4,normal
636,test_video_0636.mp4,normal
637,test_video_0637.mp4,normal
638,test_video_0638.mp4,normal
639,test_video_0639.mp4,normal
640,test_video_0640.mp4,normal
643,test_video_0643.mp4,normal
644,test_video_0644.mp4,normal
645,test_video_0645.mp4,normal
646,test_video_0646.mp4,normal
647,test_video_0647.mp4,normal
648,test_video_0648.mp4,normal
649,test_video_0649.mp4,normal
650,test_video_0650.mp4,normal
651,test_video_0651.mp4,normal
652,test_video_0652.mp4,normal
653,test_video_0653.mp4,normal
655,test_video_0655.mp4,normal
656,test_video_0656.mp4,normal
657,test_video_0657.mp4,normal
658,test_video_0658.mp4,normal
659,test_video_0659.mp4,normal
660,test_video_0660.mp4,normal
661,test_video_0661.mp4,normal
662,test_video_0662.mp4,normal
663,test_video_0663.mp4,normal
664,test_video_0664.mp4,normal
665,test_video_0665.mp4,normal
666,test_video_0666.mp4,normal
667,test_video_0667.mp4,normal
668,test_video_0668.mp4,normal
669,test_video_0669.mp4,normal
670,test_video_0670.mp4,normal
671,test_video_0671.mp4,normal
672,test_video_0672.mp4,normal
673,test_video_0673.mp4,normal
674,test_video_0674.mp4,normal
675,test_video_0675.mp4,normal
676,test_video_0676.mp4,normal
677,test_video_0677.mp4,normal
678,test_video_0678.mp4,normal
679,test_video_0679.mp4,normal
680,test_video_0680.mp4,normal
681,test_video_0681.mp4,normal
682,test_video_0682.mp4,normal
683,test_video_0683.mp4,normal
684,test_video_0684.mp4,normal
685,test_video_0685.mp4,normal
686,test_video_0686.mp4,normal
687,test_video_0687.mp4,normal
688,test_video_0688.mp4,normal
689,test_video_0689.mp4,normal
690,test_video_0690.mp4,normal
691,test_video_0691.mp4,normal
692,test_video_0692.mp4,normal
693,test_video_0693.mp4,normal
694,test_video_0694.mp4,normal
695,test_video_0695.mp4,normal
696,test_video_0696.mp4,normal
697,test_video_0697.mp4,normal
698,test_video_0698.mp4,normal
699,test_video_0699.mp4,normal
700,test_video_0700.mp4,normal
701,test_video_0701.mp4,normal
702,test_video_0702.mp4,normal
703,test_video_0703.mp4,normal
704,test_video_0704.mp4,normal
705,test_video_0705.mp4,normal
706,test_video_0706.mp4,normal
707,test_video_0707.mp4,normal
708,test_video_0708.mp4,normal
709,test_video_0709.mp4,normal
710,test_video_0710.mp4,normal
711,test_video_0711.mp4,normal
712,test_video_0712.mp4,normal
713,test_video_0713.mp4,normal
714,test_video_0714.mp4,normal
715,test_video_0715.mp4,normal
716,test_video_0716.mp4,normal
717,test_video_0717.mp4,normal
718,test_video_0718.mp4,normal
719,test_video_0719.mp4,normal
720,test_video_0720.mp4,normal
721,test_video_0721.mp4,normal
722,test_video_0722.mp4,normal
723,test_video_0723.mp4,normal
726,test_video_0726.mp4,normal
727,test_video_0727.mp4,normal
728,test_video_0728.mp4,normal
729,test_video_0729.mp4,normal
730,test_video_0730.mp4,normal
731,test_video_0731.mp4,normal
732,test_video_0732.mp4,normal
733,test_video_0733.mp4,normal
734,test_video_0734.mp4,normal
735,test_video_0735.mp4,normal
736,test_video_0736.mp4,normal
737,test_video_0737.mp4,normal
738,test_video_0738.mp4,normal
740,test_video_0740.mp4,normal
741,test_video_0741.mp4,normal
742,test_video_0742.mp4,normal
743,test_video_0743.mp4,normal
744,test_video_0744.mp4,normal
745,test_video_0745.mp4,normal
746,test_video_0746.mp4,normal
747,test_video_0747.mp4,normal
748,test_video_0748.mp4,normal
749,test_video_0749.mp4,normal
750,test_video_0750.mp4,normal
751,test_video_0751.mp4,normal
752,test_video_0752.mp4,normal
753,test_video_0753.mp4,normal
754,test_video_0754.mp4,normal
755,test_video_0755.mp4,normal
757,test_video_0757.mp4,normal
758,test_video_0758.mp4,normal
759,test_video_0759.mp4,normal
760,test_video_0760.mp4,normal
761,test_video_0761.mp4,normal
762,test_video_0762.mp4,normal
763,test_video_0763.mp4,normal
764,test_video_0764.mp4,normal
765,test_video_0765.mp4,normal
766,test_video_0766.mp4,normal
767,test_video_0767.mp4,normal
768,test_video_0768.mp4,normal
769,test_video_0769.mp4,normal
770,test_video_0770.mp4,normal
771,test_video_0771.mp4,normal
772,test_video_0772.mp4,normal
773,test_video_0773.mp4,normal
774,test_video_0774.mp4,normal
775,test_video_0775.mp4,normal
776,test_video_0776.mp4,normal
777,test_video_0777.mp4,normal
778,test_video_0778.mp4,normal
779,test_video_0779.mp4,normal
780,test_video_0780.mp4,normal
781,test_video_0781.mp4,normal
782,test_video_0782.mp4,normal
783,test_video_0783.mp4,normal
784,test_video_0784.mp4,normal
785,test_video_0785.mp4,normal
786,test_video_0786.mp4,normal
787,test_video_0787.mp4,normal
788,test_video_0788.mp4,normal
789,test_video_0789.mp4,normal
790,test_video_0790.mp4,normal
791,test_video_0791.mp4,normal
792,test_video_0792.mp4,normal
793,test_video_0793.mp4,normal
794,test_video_0794.mp4,normal
795,test_video_0795.mp4,normal
796,test_video_0796.mp4,normal
797,test_video_0797.mp4,normal
799,test_video_0799.mp4,normal
800,test_video_0800.mp4,normal
801,test_video_0801.mp4,normal
802,test_video_0802.mp4,normal
803,test_video_0803.mp4,normal
804,test_video_0804.mp4,normal
805,test_video_0805.mp4,normal
806,test_video_0806.mp4,normal
807,test_video_0807.mp4,normal
808,test_video_0808.mp4,normal
809,test_video_0809.mp4,normal
810,test_video_0810.mp4,normal
811,test_video_0811.mp4,normal